{
	"enumerating sounds": 0.2766541785119002,
	"hashing level": 0.9565799092559738,
	"initializing audio": 0.014286198547500394,
	"initializing dumping": 0.998765357851522,
	"initializing input": 0.7448296373426443,
	"initializing noise": 0.23812285626520283,
	"loading checkpoints": 0.9443259755457072,
	"loading level": 0.7602810287074991,
	"loading level file": 0.760283641814547,
	"parsing level data": 0.807114666022007,
	"precaching /sounds/checkpoint.ogg": 0.2770028270013974,
	"precaching /sounds/forcefield.ogg": 0.28264474062477185,
	"precaching /sounds/got_ability.ogg": 0.2862618919593103,
	"precaching /sounds/hithead.ogg": 0.30364580175619654,
	"precaching /sounds/hitwall.ogg": 0.30543506704051554,
	"precaching /sounds/jump.ogg": 0.3069430037371429,
	"precaching /sounds/land.ogg": 0.32534294928639484,
	"precaching /sounds/loom.ogg": 0.33706394220490177,
	"precaching /sounds/loom_minor.ogg": 0.39284758480213366,
	"precaching /sounds/menu_activate.ogg": 0.41287258635345375,
	"precaching /sounds/menu_move.ogg": 0.4136627550001743,
	"precaching /sounds/questionblock.ogg": 0.41428068101804966,
	"precaching /sounds/riser_carry.ogg": 0.415279680642923,
	"precaching /sounds/riser_carry_stop.ogg": 0.4183623895673053,
	"precaching /sounds/riser_push.ogg": 0.4197293958780406,
	"precaching /sounds/riser_push_stop.ogg": 0.42484102963011783,
	"precaching /sounds/riser_rise.ogg": 0.4394301899100805,
	"precaching /sounds/riser_rise_stop.ogg": 0.45333816979649594,
	"precaching /sounds/riserfsck.ogg": 0.46470209352095865,
	"precaching /sounds/shepard_00.ogg": 0.47512059220508945,
	"precaching /sounds/shepard_01.ogg": 0.5056985860321157,
	"precaching /sounds/shepard_02.ogg": 0.5272579484675625,
	"precaching /sounds/shepard_03.ogg": 0.5344617129166438,
	"precaching /sounds/shepard_04.ogg": 0.5429456600592023,
	"precaching /sounds/shepard_05.ogg": 0.5499720512921717,
	"precaching /sounds/shepard_06.ogg": 0.5579962315697936,
	"precaching /sounds/shepard_07.ogg": 0.5660286884187707,
	"precaching /sounds/shepard_08.ogg": 0.5742511980470429,
	"precaching /sounds/shepard_09.ogg": 0.5820783565669605,
	"precaching /sounds/shepard_10.ogg": 0.5900999244304825,
	"precaching /sounds/shepard_11.ogg": 0.6060210029043732,
	"precaching /sounds/stereonoise.ogg": 0.6158074920947223,
	"precaching /sounds/switch_off.ogg": 0.631376341616608,
	"precaching /sounds/switch_on.ogg": 0.6329705697464011,
	"precaching /sounds/timedplatform.ogg": 0.6443083104292815,
	"precaching /sounds/tnihsign.ogg": 0.6574282510982944,
	"precaching /sounds/vvvvvv.ogg": 0.6678828052546923,
	"precaching /sounds/youre_winner.ogg": 0.6794810639098138,
	"precaching credits": 0,
	"precaching engine": 0.7602746882329595,
	"precaching entities": 0.9606611341274995,
	"precaching images": 0.7015913720058684,
	"precaching sounds": 0.2752356300332164
}
