{
	"enumerating sounds": 0.061424902967264626,
	"hashing level": 0.9609321510834659,
	"initializing audio": 0.015225017795801415,
	"initializing dumping": 0.9984198610090241,
	"initializing input": 0.6103391601522931,
	"initializing noise": 0.028499343894935435,
	"loading checkpoints": 0.9499089453354392,
	"loading level": 0.638633038461135,
	"loading level file": 0.6504562816809614,
	"parsing level data": 0.7165176865015427,
	"precaching checkpoint.ogg": 0.07354790012717188,
	"precaching credits": 0.0024167336498163126,
	"precaching engine": 0.6381740463271784,
	"precaching entities": 0.9660506862508187,
	"precaching fonts": 0,
	"precaching forcefield.ogg": 0.08886332053881299,
	"precaching got_ability.ogg": 0.09398226557937472,
	"precaching hithead.ogg": 0.11476150185270362,
	"precaching hitwall.ogg": 0.11748209237851719,
	"precaching images": 0.5646270156917198,
	"precaching jump.ogg": 0.12917981840903087,
	"precaching land.ogg": 0.14158509699947608,
	"precaching loom.ogg": 0.15377170157693293,
	"precaching loom_minor.ogg": 0.20512961337458235,
	"precaching menu_activate.ogg": 0.22996150007700678,
	"precaching menu_move.ogg": 0.23153720402967132,
	"precaching questionblock.ogg": 0.24396086806092637,
	"precaching riser_carry.ogg": 0.24627307563482737,
	"precaching riser_carry_stop.ogg": 0.25831756420896956,
	"precaching riser_push.ogg": 0.2694962492281956,
	"precaching riser_push_stop.ogg": 0.29006566264793365,
	"precaching riser_rise.ogg": 0.29545647343506254,
	"precaching riser_rise_stop.ogg": 0.3094356616443468,
	"precaching riserfsck.ogg": 0.3181619176114115,
	"precaching shepard_00.ogg": 0.328480664116117,
	"precaching shepard_01.ogg": 0.3484039527087675,
	"precaching shepard_02.ogg": 0.359656137452955,
	"precaching shepard_03.ogg": 0.37182923583238237,
	"precaching shepard_04.ogg": 0.3827725940754949,
	"precaching shepard_05.ogg": 0.394409815814001,
	"precaching shepard_06.ogg": 0.40609450997838675,
	"precaching shepard_07.ogg": 0.4177706283340948,
	"precaching shepard_08.ogg": 0.4291967310387768,
	"precaching shepard_09.ogg": 0.44096789443747314,
	"precaching shepard_10.ogg": 0.4529761796467464,
	"precaching shepard_11.ogg": 0.46379273432924456,
	"precaching sounds": 0.06093021052649729,
	"precaching stereonoise.ogg": 0.47610206545500405,
	"precaching switch_off.ogg": 0.49329675242736215,
	"precaching switch_on.ogg": 0.4951791221136211,
	"precaching timedplatform.ogg": 0.508077865627121,
	"precaching tnihsign.ogg": 0.5167122378296903,
	"precaching vvvvvv.ogg": 0.526950065554035,
	"precaching youre_winner.ogg": 0.5391656576259709
}
