{
	"enumerating sounds": 0.07287175715453172,
	"hashing level": 0.954240581283062,
	"initializing audio": 0.033272880237939235,
	"initializing input": 0.033086876058633946,
	"initializing noise": 0.03330739101958389,
	"loading checkpoints": 0.9429631617887414,
	"loading level": 0.689366634576603,
	"loading level file": 0.703766923286589,
	"parsing level data": 0.7724066262659567,
	"precaching /sounds/checkpoint.ogg": 0.07306165827277104,
	"precaching /sounds/forcefield.ogg": 0.08438214758655219,
	"precaching /sounds/got_ability.ogg": 0.1011290834195805,
	"precaching /sounds/hithead.ogg": 0.12376801638168239,
	"precaching /sounds/hitwall.ogg": 0.12824970874620867,
	"precaching /sounds/jump.ogg": 0.14218676548781012,
	"precaching /sounds/land.ogg": 0.15654338879437632,
	"precaching /sounds/loom.ogg": 0.16967521023253476,
	"precaching /sounds/loom_minor.ogg": 0.21361008147879737,
	"precaching /sounds/menu_activate.ogg": 0.2449839207551454,
	"precaching /sounds/menu_move.ogg": 0.24621996427078593,
	"precaching /sounds/questionblock.ogg": 0.2477757859134017,
	"precaching /sounds/riser_carry.ogg": 0.24938156960540764,
	"precaching /sounds/riser_carry_stop.ogg": 0.25735846711538757,
	"precaching /sounds/riser_push.ogg": 0.26633850668810344,
	"precaching /sounds/riser_push_stop.ogg": 0.28640910790549295,
	"precaching /sounds/riser_rise.ogg": 0.2952373868949664,
	"precaching /sounds/riser_rise_stop.ogg": 0.3163597496789736,
	"precaching /sounds/riserfsck.ogg": 0.3243366819313512,
	"precaching /sounds/shepard_00.ogg": 0.33670977241969274,
	"precaching /sounds/shepard_01.ogg": 0.3599082854636035,
	"precaching /sounds/shepard_02.ogg": 0.3734964425042172,
	"precaching /sounds/shepard_03.ogg": 0.3874874641157356,
	"precaching /sounds/shepard_04.ogg": 0.4012380716444621,
	"precaching /sounds/shepard_05.ogg": 0.41428847179217754,
	"precaching /sounds/shepard_06.ogg": 0.4281322435417456,
	"precaching /sounds/shepard_07.ogg": 0.44242409709273234,
	"precaching /sounds/shepard_08.ogg": 0.4559333930267283,
	"precaching /sounds/shepard_09.ogg": 0.4691035477374705,
	"precaching /sounds/shepard_10.ogg": 0.48336569322968476,
	"precaching /sounds/shepard_11.ogg": 0.49772199475547296,
	"precaching /sounds/stereonoise.ogg": 0.511603056678496,
	"precaching /sounds/switch_off.ogg": 0.5307699295495646,
	"precaching /sounds/switch_on.ogg": 0.5329525718758001,
	"precaching /sounds/timedplatform.ogg": 0.5458706382309473,
	"precaching /sounds/tnihsign.ogg": 0.5592972431225869,
	"precaching /sounds/vvvvvv.ogg": 0.5709923249676022,
	"precaching /sounds/youre_winner.ogg": 0.5853180333306783,
	"precaching credits": 0,
	"precaching engine": 0.6854848838607309,
	"precaching entities": 0.9574043737343344,
	"precaching images": 0.6159100884219828,
	"precaching sounds": 0.07220767855825481
}
