{
	"enumerating sounds": 0.17744659569944082,
	"hashing level": 0.9663014491656184,
	"initializing audio": 0.14588683322203636,
	"initializing dumping": 0.9983235229831015,
	"initializing input": 0.6655990178911096,
	"initializing noise": 0.15117951767850807,
	"loading checkpoints": 0.9563659830792939,
	"loading level": 0.6837176276597409,
	"loading level file": 0.693825980665187,
	"parsing level data": 0.7598134720372558,
	"precaching Bold": 0.0020947082806671864,
	"precaching Centerprint": 0.013720252194362903,
	"precaching CenterprintBig": 0.026023767751085548,
	"precaching Italic": 0.036232072407729916,
	"precaching Menu": 0.04378538441391482,
	"precaching MenuBig": 0.04990486659298022,
	"precaching MenuSmall": 0.062035895202366166,
	"precaching Mono": 0.06947536391193926,
	"precaching MonoSmall": 0.08680864323924949,
	"precaching Regular": 0.10087544797798541,
	"precaching Small": 0.11499534985605765,
	"precaching SmallCaps": 0.12960804764940564,
	"precaching checkpoint.ogg": 0.18785386862119702,
	"precaching credits": 0.1403793131831992,
	"precaching engine": 0.6831862055607086,
	"precaching entities": 0.9695662082409915,
	"precaching fonts": 0,
	"precaching forcefield.ogg": 0.19035971722042003,
	"precaching got_ability.ogg": 0.20001849663029966,
	"precaching hithead.ogg": 0.21999267638683448,
	"precaching hitwall.ogg": 0.2236711112951165,
	"precaching images": 0.6221380471703244,
	"precaching jump.ogg": 0.23407751820126765,
	"precaching land.ogg": 0.24606889589505476,
	"precaching loom.ogg": 0.2551191152845932,
	"precaching loom_minor.ogg": 0.29280473825218123,
	"precaching menu_activate.ogg": 0.31416517125101684,
	"precaching menu_move.ogg": 0.3153575113288321,
	"precaching questionblock.ogg": 0.3258646951966934,
	"precaching riser_carry.ogg": 0.3277436894908835,
	"precaching riser_carry_stop.ogg": 0.33856372562556164,
	"precaching riser_push.ogg": 0.3640768302851934,
	"precaching riser_push_stop.ogg": 0.38729792848772315,
	"precaching riser_rise.ogg": 0.39197711639893346,
	"precaching riser_rise_stop.ogg": 0.4096898509643187,
	"precaching riserfsck.ogg": 0.413964616077201,
	"precaching shepard_00.ogg": 0.4219964235325299,
	"precaching shepard_01.ogg": 0.4391927437897493,
	"precaching shepard_02.ogg": 0.4482424664591655,
	"precaching shepard_03.ogg": 0.4584058167648905,
	"precaching shepard_04.ogg": 0.4673711383085501,
	"precaching shepard_05.ogg": 0.4769764955282771,
	"precaching shepard_06.ogg": 0.486266502132354,
	"precaching shepard_07.ogg": 0.49708004550970997,
	"precaching shepard_08.ogg": 0.5067832064495603,
	"precaching shepard_09.ogg": 0.5161409091631217,
	"precaching shepard_10.ogg": 0.5261682431051162,
	"precaching shepard_11.ogg": 0.5355912951910525,
	"precaching sounds": 0.1769836891211161,
	"precaching stereonoise.ogg": 0.5458590198448361,
	"precaching switch_off.ogg": 0.5603880191177311,
	"precaching switch_on.ogg": 0.5620312613109646,
	"precaching timedplatform.ogg": 0.5722844778436486,
	"precaching tnihsign.ogg": 0.5800074510378049,
	"precaching vvvvvv.ogg": 0.5883521148894529,
	"precaching youre_winner.ogg": 0.5992075626853862
}
