{
	"enumerating sounds": 0.4111489891732947,
	"hashing level": 0.9625112218291718,
	"initializing audio": 0.4015986706295206,
	"initializing dumping": 0.9941878029371728,
	"initializing input": 0.6417709589080617,
	"initializing noise": 0.4019122459472067,
	"loading checkpoints": 0.9550743035840158,
	"loading level": 0.6552988652987874,
	"loading level file": 0.6582548246906735,
	"parsing level data": 0.6922818986124086,
	"precaching Bold": 0.0016028673659462857,
	"precaching Centerprint": 0.00563850532716892,
	"precaching CenterprintBig": 0.012824324977937927,
	"precaching DebugSmall": 0.019352651812386983,
	"precaching Italic": 0.03466908281924445,
	"precaching Menu": 0.0360058515465728,
	"precaching MenuBig": 0.04767488853843041,
	"precaching MenuSmall": 0.04995227198795329,
	"precaching Mono": 0.07956417001891855,
	"precaching MonoSmall": 0.11131721902645052,
	"precaching Regular": 0.18694216575299735,
	"precaching Small": 0.23896644031010666,
	"precaching SmallCaps": 0.32803836301604444,
	"precaching checkpoint.ogg": 0.4120712438933758,
	"precaching credits": 0.3980143448529857,
	"precaching engine": 0.6547718143796221,
	"precaching entities": 0.9650135230948091,
	"precaching fonts": 0,
	"precaching forcefield.ogg": 0.41607406664981156,
	"precaching got_ability.ogg": 0.4169196751758224,
	"precaching hithead.ogg": 0.42122848408055924,
	"precaching hitwall.ogg": 0.4232112664906804,
	"precaching images": 0.5738655158231416,
	"precaching jump.ogg": 0.4238595676544768,
	"precaching land.ogg": 0.42467667967317835,
	"precaching loom.ogg": 0.42543841409894734,
	"precaching loom_minor.ogg": 0.43743930986317686,
	"precaching menu_activate.ogg": 0.45145609859345087,
	"precaching menu_move.ogg": 0.4540611405970282,
	"precaching questionblock.ogg": 0.4548603934234676,
	"precaching riser_carry.ogg": 0.45586781284696754,
	"precaching riser_carry_stop.ogg": 0.45669716933798976,
	"precaching riser_push.ogg": 0.45745842618910004,
	"precaching riser_push_stop.ogg": 0.46121189617442593,
	"precaching riser_rise.ogg": 0.4626664856184071,
	"precaching riser_rise_stop.ogg": 0.4658426718239195,
	"precaching riserfsck.ogg": 0.4675178230611989,
	"precaching shepard_00.ogg": 0.46861631881724053,
	"precaching shepard_01.ogg": 0.4733213209492002,
	"precaching shepard_02.ogg": 0.48000189499456863,
	"precaching shepard_03.ogg": 0.48717187887932456,
	"precaching shepard_04.ogg": 0.4937942473446289,
	"precaching shepard_05.ogg": 0.5010871412661134,
	"precaching shepard_06.ogg": 0.5083474564669435,
	"precaching shepard_07.ogg": 0.5147955582779897,
	"precaching shepard_08.ogg": 0.5217348799025096,
	"precaching shepard_09.ogg": 0.5289699524713717,
	"precaching shepard_10.ogg": 0.5369752788559855,
	"precaching shepard_11.ogg": 0.5444080877236208,
	"precaching sounds": 0.41069454626656055,
	"precaching stereonoise.ogg": 0.5510641382763939,
	"precaching switch_off.ogg": 0.5588854824446643,
	"precaching switch_on.ogg": 0.5613643606039128,
	"precaching timedplatform.ogg": 0.562354464863815,
	"precaching tnihsign.ogg": 0.5641740680742441,
	"precaching vvvvvv.ogg": 0.565350697618612,
	"precaching youre_winner.ogg": 0.5665817481162913
}
