{
	"enumerating sounds": 0.0465583067924656,
	"hashing level": 0.9437258233555122,
	"initializing audio": 0.014842834397830133,
	"initializing dumping": 0.9999119205935135,
	"initializing input": 0.5402453994273554,
	"initializing noise": 0.01791985692690815,
	"loading checkpoints": 0.9229017751637191,
	"loading level": 0.5404812856202409,
	"loading level file": 0.5690248760540807,
	"parsing level data": 0.6594794864739948,
	"precaching checkpoint.ogg": 0.046677562207827504,
	"precaching credits": 0,
	"precaching engine": 0.540477395125781,
	"precaching entities": 0.9492110399772393,
	"precaching forcefield.ogg": 0.05066636086429117,
	"precaching got_ability.ogg": 0.05209058837209717,
	"precaching hithead.ogg": 0.06514816778688377,
	"precaching hitwall.ogg": 0.06748302663733298,
	"precaching images": 0.46809302138939524,
	"precaching jump.ogg": 0.06864528120367293,
	"precaching land.ogg": 0.07148108767812916,
	"precaching loom.ogg": 0.08095716040710663,
	"precaching loom_minor.ogg": 0.12204475144163573,
	"precaching menu_activate.ogg": 0.1583885079639615,
	"precaching menu_move.ogg": 0.16075794478885796,
	"precaching questionblock.ogg": 0.1641509587531925,
	"precaching riser_carry.ogg": 0.173092590903677,
	"precaching riser_carry_stop.ogg": 0.17888031756836179,
	"precaching riser_push.ogg": 0.18501877982739973,
	"precaching riser_push_stop.ogg": 0.19806918399824144,
	"precaching riser_rise.ogg": 0.202023282451641,
	"precaching riser_rise_stop.ogg": 0.21165675594949035,
	"precaching riserfsck.ogg": 0.21557221088101103,
	"precaching shepard_00.ogg": 0.2189187182061703,
	"precaching shepard_01.ogg": 0.2395769399516944,
	"precaching shepard_02.ogg": 0.2540511717846776,
	"precaching shepard_03.ogg": 0.26739252671865416,
	"precaching shepard_04.ogg": 0.282097633371233,
	"precaching shepard_05.ogg": 0.2951545588436406,
	"precaching shepard_06.ogg": 0.3081876535915593,
	"precaching shepard_07.ogg": 0.3216709602912835,
	"precaching shepard_08.ogg": 0.3361671743819131,
	"precaching shepard_09.ogg": 0.3508280982813533,
	"precaching shepard_10.ogg": 0.36418464233805115,
	"precaching shepard_11.ogg": 0.3798283494796687,
	"precaching sounds": 0.044592392130063656,
	"precaching stereonoise.ogg": 0.39317069882248684,
	"precaching switch_off.ogg": 0.4147247691884443,
	"precaching switch_on.ogg": 0.4165774581235283,
	"precaching timedplatform.ogg": 0.41963470120911744,
	"precaching tnihsign.ogg": 0.42628534957006353,
	"precaching vvvvvv.ogg": 0.4298449634526083,
	"precaching youre_winner.ogg": 0.4429702000698112
}
