{
	"enumerating sounds": 0.264124275204636,
	"hashing level": 0.9615917849851365,
	"initializing audio": 0.013749956614256332,
	"initializing dumping": 0.9980205682973508,
	"initializing input": 0.7490124871173354,
	"initializing noise": 0.2297256965869606,
	"loading checkpoints": 0.9511755228852494,
	"loading level": 0.754951573906724,
	"loading level file": 0.7598168191875089,
	"parsing level data": 0.816421515316428,
	"precaching checkpoint.ogg": 0.2643671039780665,
	"precaching credits": 0,
	"precaching engine": 0.754939416561058,
	"precaching entities": 0.964307156952293,
	"precaching forcefield.ogg": 0.26727429829078714,
	"precaching got_ability.ogg": 0.2702829472137762,
	"precaching hithead.ogg": 0.28761827700718856,
	"precaching hitwall.ogg": 0.2903801374156226,
	"precaching images": 0.7009757016892041,
	"precaching jump.ogg": 0.29687750301726007,
	"precaching land.ogg": 0.3090658169668258,
	"precaching loom.ogg": 0.3195069540043888,
	"precaching loom_minor.ogg": 0.35662705329284655,
	"precaching menu_activate.ogg": 0.3866274580041341,
	"precaching menu_move.ogg": 0.3873953529860103,
	"precaching questionblock.ogg": 0.38888414228325624,
	"precaching riser_carry.ogg": 0.3898678494925409,
	"precaching riser_carry_stop.ogg": 0.39073249434931534,
	"precaching riser_push.ogg": 0.39479229947269345,
	"precaching riser_push_stop.ogg": 0.4158544713167344,
	"precaching riser_rise.ogg": 0.420601027075612,
	"precaching riser_rise_stop.ogg": 0.4376480647717339,
	"precaching riserfsck.ogg": 0.4425235112047001,
	"precaching shepard_00.ogg": 0.45304197357606124,
	"precaching shepard_01.ogg": 0.47722249324509647,
	"precaching shepard_02.ogg": 0.49287828320031174,
	"precaching shepard_03.ogg": 0.5013202845379132,
	"precaching shepard_04.ogg": 0.5089912228339549,
	"precaching shepard_05.ogg": 0.5166017919185852,
	"precaching shepard_06.ogg": 0.5246624309019504,
	"precaching shepard_07.ogg": 0.5329706040610763,
	"precaching shepard_08.ogg": 0.5446759609845513,
	"precaching shepard_09.ogg": 0.5559504397813748,
	"precaching shepard_10.ogg": 0.5669137084036765,
	"precaching shepard_11.ogg": 0.5854783227216895,
	"precaching sounds": 0.2623323332758236,
	"precaching stereonoise.ogg": 0.5928724272920965,
	"precaching switch_off.ogg": 0.607436953411328,
	"precaching switch_on.ogg": 0.6104735046031307,
	"precaching timedplatform.ogg": 0.6176216130073834,
	"precaching tnihsign.ogg": 0.6399498682233903,
	"precaching vvvvvv.ogg": 0.6512122356947833,
	"precaching youre_winner.ogg": 0.6634008751207965
}
