{
	"enumerating sounds": 0.2821384376372072,
	"hashing level": 0.9504948551517541,
	"initializing audio": 0.26270041410309003,
	"initializing dumping": 0.9987588425667588,
	"initializing input": 0.5861561316529191,
	"initializing noise": 0.274865328632482,
	"loading checkpoints": 0.9443360188679424,
	"loading level": 0.5930700775327575,
	"loading level file": 0.6010560013609065,
	"parsing level data": 0.6348300630628213,
	"precaching checkpoint.ogg": 0.28845909681560267,
	"precaching credits": 0.26244333782262486,
	"precaching engine": 0.5902274976506372,
	"precaching entities": 0.9522716573415779,
	"precaching fonts": 0,
	"precaching forcefield.ogg": 0.29636078892701373,
	"precaching got_ability.ogg": 0.30214481192331355,
	"precaching hithead.ogg": 0.3112468544254105,
	"precaching hitwall.ogg": 0.31494241531558487,
	"precaching images": 0.5538892860666529,
	"precaching jump.ogg": 0.3216649730688669,
	"precaching land.ogg": 0.32899828681197923,
	"precaching loom.ogg": 0.33522132351965206,
	"precaching loom_minor.ogg": 0.3701406280555721,
	"precaching menu_activate.ogg": 0.38146052493702964,
	"precaching menu_move.ogg": 0.38188727700696,
	"precaching questionblock.ogg": 0.38223354489335926,
	"precaching riser_carry.ogg": 0.38283655805902767,
	"precaching riser_carry_stop.ogg": 0.3835937617603561,
	"precaching riser_push.ogg": 0.3840424190870259,
	"precaching riser_push_stop.ogg": 0.38675998822068136,
	"precaching riser_rise.ogg": 0.3936598817386618,
	"precaching riser_rise_stop.ogg": 0.4014554921092148,
	"precaching riserfsck.ogg": 0.4065798786422896,
	"precaching shepard_00.ogg": 0.4128029425717533,
	"precaching shepard_01.ogg": 0.4231695358883971,
	"precaching shepard_02.ogg": 0.4292245774563006,
	"precaching shepard_03.ogg": 0.435840667629428,
	"precaching shepard_04.ogg": 0.4423324078729263,
	"precaching shepard_05.ogg": 0.45363905168742824,
	"precaching shepard_06.ogg": 0.46357131541331836,
	"precaching shepard_07.ogg": 0.46784886596173403,
	"precaching shepard_08.ogg": 0.47225735174605166,
	"precaching shepard_09.ogg": 0.4766805515001005,
	"precaching shepard_10.ogg": 0.48132839651874737,
	"precaching shepard_11.ogg": 0.48787882615427564,
	"precaching sounds": 0.28188849780564984,
	"precaching stereonoise.ogg": 0.494520927340336,
	"precaching switch_off.ogg": 0.5032081760290588,
	"precaching switch_on.ogg": 0.5040109265206997,
	"precaching timedplatform.ogg": 0.5107201759744069,
	"precaching tnihsign.ogg": 0.5181289867900634,
	"precaching vvvvvv.ogg": 0.5239734074443986,
	"precaching youre_winner.ogg": 0.5319598824151824
}
