{
	"enumerating sounds": 0.4044277191733143,
	"hashing level": 0.9583028380563337,
	"initializing audio": 0.3922664597903839,
	"initializing dumping": 0.9933133558155325,
	"initializing input": 0.5928986956245785,
	"initializing noise": 0.3931216655217897,
	"loading checkpoints": 0.9504475322051816,
	"loading level": 0.6085771913389966,
	"loading level file": 0.6102622271360256,
	"parsing level data": 0.6429913084555501,
	"precaching Bold": 0.000866091652171804,
	"precaching Centerprint": 0.004659878041860814,
	"precaching CenterprintBig": 0.012596509042857014,
	"precaching Italic": 0.020161132020989646,
	"precaching Menu": 0.0228269928663499,
	"precaching MenuBig": 0.03478844233386852,
	"precaching MenuSmall": 0.03750921797097593,
	"precaching Mono": 0.0647477576204184,
	"precaching MonoSmall": 0.10050004350056775,
	"precaching Regular": 0.16792231136969282,
	"precaching Small": 0.23088692797109786,
	"precaching SmallCaps": 0.3171132785708093,
	"precaching checkpoint.ogg": 0.40515270647164064,
	"precaching credits": 0.38972839076308197,
	"precaching engine": 0.6078883052487843,
	"precaching entities": 0.9601409125541462,
	"precaching fonts": 0,
	"precaching forcefield.ogg": 0.40788120436413966,
	"precaching got_ability.ogg": 0.40928133361353275,
	"precaching hithead.ogg": 0.4131771010999128,
	"precaching hitwall.ogg": 0.41383700634922077,
	"precaching images": 0.5473561892643881,
	"precaching jump.ogg": 0.4145315736034431,
	"precaching land.ogg": 0.41579287711856366,
	"precaching loom.ogg": 0.4171604155488331,
	"precaching loom_minor.ogg": 0.4315358034618731,
	"precaching menu_activate.ogg": 0.4454889544324089,
	"precaching menu_move.ogg": 0.4461921457236178,
	"precaching questionblock.ogg": 0.44681252282964407,
	"precaching riser_carry.ogg": 0.4485415802179593,
	"precaching riser_carry_stop.ogg": 0.4496267326762129,
	"precaching riser_push.ogg": 0.4508560280480007,
	"precaching riser_push_stop.ogg": 0.4546957671744489,
	"precaching riser_rise.ogg": 0.45607247096582654,
	"precaching riser_rise_stop.ogg": 0.4592796469269711,
	"precaching riserfsck.ogg": 0.46076082192100876,
	"precaching shepard_00.ogg": 0.4619625988450482,
	"precaching shepard_01.ogg": 0.467877873642524,
	"precaching shepard_02.ogg": 0.4728970543880795,
	"precaching shepard_03.ogg": 0.4781546369635171,
	"precaching shepard_04.ogg": 0.4832099403810296,
	"precaching shepard_05.ogg": 0.48848623717601647,
	"precaching shepard_06.ogg": 0.49426390389953756,
	"precaching shepard_07.ogg": 0.4995011031789718,
	"precaching shepard_08.ogg": 0.504513910363963,
	"precaching shepard_09.ogg": 0.5101113452737737,
	"precaching shepard_10.ogg": 0.5155340926455992,
	"precaching shepard_11.ogg": 0.5206291041724607,
	"precaching sounds": 0.40375439436919836,
	"precaching stereonoise.ogg": 0.5255264989233538,
	"precaching switch_off.ogg": 0.533749715604926,
	"precaching switch_on.ogg": 0.5346370196878434,
	"precaching timedplatform.ogg": 0.5355112276745642,
	"precaching tnihsign.ogg": 0.5375186567709358,
	"precaching vvvvvv.ogg": 0.538586879285391,
	"precaching youre_winner.ogg": 0.5398141924037442
}
