{
	"enumerating sounds": 0.04762893078521645,
	"hashing level": 0.9736401597956641,
	"initializing audio": 0.023371871970199208,
	"initializing dumping": 0.9997934137266026,
	"initializing input": 0.4585162526700263,
	"initializing menu": 0.9998045475738662,
	"initializing noise": 0.02356612504589539,
	"loading checkpoints": 0.9563987393821309,
	"loading level": 0.47315949496800136,
	"loading level file": 0.4731735413482808,
	"parsing level data": 0.5584376437105106,
	"precaching Bold": 0.000008136697499047755,
	"precaching Centerprint": 0.0019210331974805301,
	"precaching CenterprintBig": 0.004077688476449687,
	"precaching Italic": 0.007178801566856919,
	"precaching Menu": 0.007416478976907476,
	"precaching MenuBig": 0.00958700894999935,
	"precaching MenuSmall": 0.010136879241107944,
	"precaching Mono": 0.011822546660005245,
	"precaching MonoSmall": 0.013829572548070284,
	"precaching Regular": 0.015576480419071193,
	"precaching Small": 0.01756611817844912,
	"precaching SmallCaps": 0.019286132639328834,
	"precaching checkpoint.ogg": 0.04779183642135413,
	"precaching credits": 0.022217829509269458,
	"precaching engine": 0.47314681839798667,
	"precaching entities": 0.9794453126858655,
	"precaching fonts": 0,
	"precaching forcefield.ogg": 0.051629534629956245,
	"precaching got_ability.ogg": 0.05304557752402564,
	"precaching hithead.ogg": 0.06449512006626104,
	"precaching hitwall.ogg": 0.06618215974808245,
	"precaching images": 0.38953292658430144,
	"precaching jump.ogg": 0.06737611310880218,
	"precaching land.ogg": 0.0691936820965921,
	"precaching loom.ogg": 0.07051388364632946,
	"precaching loom_minor.ogg": 0.10627290323988946,
	"precaching menu_activate.ogg": 0.1425889867745248,
	"precaching menu_move.ogg": 0.14393813828927499,
	"precaching questionblock.ogg": 0.14500490286610418,
	"precaching riser_carry.ogg": 0.14678941123175743,
	"precaching riser_carry_stop.ogg": 0.1483004394920346,
	"precaching riser_push.ogg": 0.14975699541377221,
	"precaching riser_push_stop.ogg": 0.157564035870634,
	"precaching riser_rise.ogg": 0.16057384503656547,
	"precaching riser_rise_stop.ogg": 0.16808556568258615,
	"precaching riserfsck.ogg": 0.17108415515817568,
	"precaching shepard_00.ogg": 0.173513603797894,
	"precaching shepard_01.ogg": 0.18731208520931117,
	"precaching shepard_02.ogg": 0.2000731787716444,
	"precaching shepard_03.ogg": 0.21359252915046992,
	"precaching shepard_04.ogg": 0.22743494750205226,
	"precaching shepard_05.ogg": 0.24011604512598944,
	"precaching shepard_06.ogg": 0.2529653583936258,
	"precaching shepard_07.ogg": 0.2671030965560493,
	"precaching shepard_08.ogg": 0.27992114822720554,
	"precaching shepard_09.ogg": 0.2925835737552692,
	"precaching shepard_10.ogg": 0.30542098181426647,
	"precaching shepard_11.ogg": 0.31997317894333055,
	"precaching sounds": 0.047613513368342596,
	"precaching stereonoise.ogg": 0.3326100808715378,
	"precaching switch_off.ogg": 0.3531303365269411,
	"precaching switch_on.ogg": 0.3549694030742123,
	"precaching timedplatform.ogg": 0.35681223813262364,
	"precaching tnihsign.ogg": 0.36147696817944247,
	"precaching vvvvvv.ogg": 0.36386402014908736,
	"precaching youre_winner.ogg": 0.3667716502988443
}
