{
	"enumerating sounds": 0.30844983858714714,
	"hashing level": 0.949011765395861,
	"initializing audio": 0.291203706092886,
	"initializing dumping": 0.9983040374125364,
	"initializing input": 0.6014124948460378,
	"initializing noise": 0.2946711721539048,
	"loading checkpoints": 0.9424501975172698,
	"loading level": 0.6085193581569719,
	"loading level file": 0.6085208417261069,
	"parsing level data": 0.6359417334294967,
	"precaching Bold": 0.05000032426526334,
	"precaching Centerprint": 0.04066428898859146,
	"precaching CenterprintBig": 0.10386526746489375,
	"precaching DebugSmall": 0.12528568209225283,
	"precaching Italic": 0.1266928312910104,
	"precaching Menu": 0.15693310297018245,
	"precaching MenuBig": 0.011589929592652494,
	"precaching MenuSmall": 0.0374669571897259,
	"precaching Mono": 0.08187532905357908,
	"precaching MonoSmall": 0.04066137691386313,
	"precaching Regular": 0.12532037605656746,
	"precaching Small": 0.010964862427668537,
	"precaching SmallCaps": 0.07823955773787772,
	"precaching checkpoint.ogg": 0.31445965561976535,
	"precaching credits": 0.28514318065150246,
	"precaching engine": 0.6085151280970444,
	"precaching entities": 0.9511255930078436,
	"precaching fonts": 0,
	"precaching forcefield.ogg": 0.3221429374566847,
	"precaching got_ability.ogg": 0.327867402237497,
	"precaching hithead.ogg": 0.3369168215540834,
	"precaching hitwall.ogg": 0.3414185390372728,
	"precaching images": 0.5737682213671076,
	"precaching jump.ogg": 0.34775653320454997,
	"precaching land.ogg": 0.3547520631474233,
	"precaching loom.ogg": 0.36777435868101754,
	"precaching loom_minor.ogg": 0.39190334144649913,
	"precaching menu_activate.ogg": 0.408820527489763,
	"precaching menu_move.ogg": 0.4092639667761756,
	"precaching questionblock.ogg": 0.40960472475015586,
	"precaching riser_carry.ogg": 0.4114536098053357,
	"precaching riser_carry_stop.ogg": 0.4119599540749768,
	"precaching riser_push.ogg": 0.41239608603610883,
	"precaching riser_push_stop.ogg": 0.41547870553201466,
	"precaching riser_rise.ogg": 0.4256043771670559,
	"precaching riser_rise_stop.ogg": 0.4340544408460949,
	"precaching riserfsck.ogg": 0.4384997087596857,
	"precaching shepard_00.ogg": 0.44467060671032926,
	"precaching shepard_01.ogg": 0.46068248244684123,
	"precaching shepard_02.ogg": 0.47106686108591084,
	"precaching shepard_03.ogg": 0.4794081184201371,
	"precaching shepard_04.ogg": 0.4835650126667325,
	"precaching shepard_05.ogg": 0.4882816234872146,
	"precaching shepard_06.ogg": 0.4922683717835941,
	"precaching shepard_07.ogg": 0.4965211890795132,
	"precaching shepard_08.ogg": 0.5009953551263548,
	"precaching shepard_09.ogg": 0.5054790251404756,
	"precaching shepard_10.ogg": 0.5098568284162829,
	"precaching shepard_11.ogg": 0.5204638741847852,
	"precaching sounds": 0.3082097285076703,
	"precaching stereonoise.ogg": 0.5260934318386162,
	"precaching switch_off.ogg": 0.5415406187634357,
	"precaching switch_on.ogg": 0.5423962641155354,
	"precaching timedplatform.ogg": 0.5429615023827109,
	"precaching tnihsign.ogg": 0.5495386457706641,
	"precaching vvvvvv.ogg": 0.5553563138551563,
	"precaching youre_winner.ogg": 0.5619449391714649
}
