{
	"checkpoints": 0.9150084518903804,
	"enumerating sounds": 0.06854651155850101,
	"hashing level": 0.935632679062917,
	"initializing audio": 0.024789846111621796,
	"initializing input": 0.024616757489355552,
	"initializing noise": 0.041090304425774216,
	"loading level": 0.6787662489511934,
	"precaching /sounds/checkpoint.ogg": 0.08008592026005583,
	"precaching /sounds/forcefield.ogg": 0.09677595728707,
	"precaching /sounds/got_ability.ogg": 0.10850558629410695,
	"precaching /sounds/hithead.ogg": 0.13057707451748363,
	"precaching /sounds/hitwall.ogg": 0.13595988862931332,
	"precaching /sounds/jump.ogg": 0.14978443365409855,
	"precaching /sounds/land.ogg": 0.16366528843454747,
	"precaching /sounds/loom.ogg": 0.177087623147397,
	"precaching /sounds/loom_minor.ogg": 0.2207630744320666,
	"precaching /sounds/menu_activate.ogg": 0.25094806739842934,
	"precaching /sounds/menu_move.ogg": 0.2521520398280419,
	"precaching /sounds/questionblock.ogg": 0.2531209963691062,
	"precaching /sounds/riser_carry.ogg": 0.2550852531293553,
	"precaching /sounds/riser_carry_stop.ogg": 0.25639298776182534,
	"precaching /sounds/riser_push.ogg": 0.2632281213113586,
	"precaching /sounds/riser_push_stop.ogg": 0.27902414572733564,
	"precaching /sounds/riser_rise.ogg": 0.2877836214976979,
	"precaching /sounds/riser_rise_stop.ogg": 0.30639508525588804,
	"precaching /sounds/riserfsck.ogg": 0.3157079671044687,
	"precaching /sounds/shepard_00.ogg": 0.32855199051152045,
	"precaching /sounds/shepard_01.ogg": 0.35277756416768996,
	"precaching /sounds/shepard_02.ogg": 0.36526523115794285,
	"precaching /sounds/shepard_03.ogg": 0.3796786238103273,
	"precaching /sounds/shepard_04.ogg": 0.3933072850411408,
	"precaching /sounds/shepard_05.ogg": 0.406200773248284,
	"precaching /sounds/shepard_06.ogg": 0.4199358330202473,
	"precaching /sounds/shepard_07.ogg": 0.4334943640399398,
	"precaching /sounds/shepard_08.ogg": 0.44841734832240615,
	"precaching /sounds/shepard_09.ogg": 0.46210166576628586,
	"precaching /sounds/shepard_10.ogg": 0.47631534368278905,
	"precaching /sounds/shepard_11.ogg": 0.488740552198141,
	"precaching /sounds/stereonoise.ogg": 0.5024509070746779,
	"precaching /sounds/switch_off.ogg": 0.5221237601367105,
	"precaching /sounds/switch_on.ogg": 0.5246622681925253,
	"precaching /sounds/timedplatform.ogg": 0.5336806001986772,
	"precaching /sounds/tnihsign.ogg": 0.5498601399957539,
	"precaching /sounds/vvvvvv.ogg": 0.5612533366038488,
	"precaching /sounds/youre_winner.ogg": 0.575756579047891,
	"precaching credits": 0,
	"precaching engine": 0.6752627015047324,
	"precaching entities": 0.9458030120835773,
	"precaching images": 0.6057028105712708,
	"precaching sounds": 0.06792897948651792,
	"preparing level": 0.9144200599363259
}
