{
	"enumerating sounds": 0.2966396157705543,
	"hashing level": 0.958106456624497,
	"initializing audio": 0.2701359111840469,
	"initializing dumping": 0.9990932576204862,
	"initializing input": 0.5934780368735189,
	"initializing noise": 0.27573509675956676,
	"loading checkpoints": 0.9516070591526359,
	"loading level": 0.600153290606073,
	"loading level file": 0.6102325010483509,
	"parsing level data": 0.6567446563579766,
	"precaching Bold": 0.013456939695114986,
	"precaching Centerprint": 0.08905462404812012,
	"precaching CenterprintBig": 0.1214012736011906,
	"precaching DebugSmall": 0.0007431348117270714,
	"precaching Italic": 0.21066147004939034,
	"precaching Menu": 0.02183649293931595,
	"precaching MenuBig": 0.13898445308637958,
	"precaching MenuSmall": 0.06189989675828092,
	"precaching Mono": 0.034178205987872495,
	"precaching MonoSmall": 0.21361609421692931,
	"precaching Regular": 0.08779674558722408,
	"precaching Small": 0.0004743275065025249,
	"precaching SmallCaps": 0.0477645525208157,
	"precaching checkpoint.ogg": 0.30004624776274624,
	"precaching credits": 0.26857295250820085,
	"precaching engine": 0.599835490031347,
	"precaching entities": 0.9600596828330211,
	"precaching fonts": 0,
	"precaching forcefield.ogg": 0.30967229637377025,
	"precaching got_ability.ogg": 0.31410028579482313,
	"precaching hithead.ogg": 0.3264792684122392,
	"precaching hitwall.ogg": 0.32788897891700913,
	"precaching images": 0.5666539090041498,
	"precaching jump.ogg": 0.33213437129686585,
	"precaching land.ogg": 0.3389775868785401,
	"precaching loom.ogg": 0.34475346802642015,
	"precaching loom_minor.ogg": 0.36497441556475435,
	"precaching menu_activate.ogg": 0.3815834737812817,
	"precaching menu_move.ogg": 0.3824738238594173,
	"precaching questionblock.ogg": 0.38300026567312395,
	"precaching riser_carry.ogg": 0.38764468559606513,
	"precaching riser_carry_stop.ogg": 0.3935680448820168,
	"precaching riser_push.ogg": 0.3999237931293444,
	"precaching riser_push_stop.ogg": 0.412186980779177,
	"precaching riser_rise.ogg": 0.41503769102724153,
	"precaching riser_rise_stop.ogg": 0.42427877047172224,
	"precaching riserfsck.ogg": 0.42711786216780995,
	"precaching shepard_00.ogg": 0.43233394008369186,
	"precaching shepard_01.ogg": 0.4481393827273144,
	"precaching shepard_02.ogg": 0.4573003892100375,
	"precaching shepard_03.ogg": 0.46153164472738517,
	"precaching shepard_04.ogg": 0.46559931858858133,
	"precaching shepard_05.ogg": 0.47173257751771774,
	"precaching shepard_06.ogg": 0.47771143464470817,
	"precaching shepard_07.ogg": 0.48374479257807246,
	"precaching shepard_08.ogg": 0.4902400986402633,
	"precaching shepard_09.ogg": 0.5019428010938977,
	"precaching shepard_10.ogg": 0.5073438103513438,
	"precaching shepard_11.ogg": 0.5114005209620661,
	"precaching sounds": 0.2962312247388312,
	"precaching stereonoise.ogg": 0.5155344719046109,
	"precaching switch_off.ogg": 0.5240158931756856,
	"precaching switch_on.ogg": 0.5247934123520045,
	"precaching timedplatform.ogg": 0.5364694675051531,
	"precaching tnihsign.ogg": 0.5435509616036956,
	"precaching vvvvvv.ogg": 0.5491345938139733,
	"precaching youre_winner.ogg": 0.5555130031007816
}
