{
	"enumerating sounds": 0.06768023508099225,
	"hashing level": 0.9397783272599034,
	"initializing audio": 0.0307945188088393,
	"initializing input": 0.030465094638260692,
	"initializing noise": 0.04022030600732609,
	"loading checkpoints": 0.926589456422754,
	"loading level": 0.6560453639171294,
	"loading level file": 0.6644620094320368,
	"parsing level data": 0.7362334616029864,
	"precaching /sounds/checkpoint.ogg": 0.07285060272550532,
	"precaching /sounds/forcefield.ogg": 0.08397399741829477,
	"precaching /sounds/got_ability.ogg": 0.10112905825977381,
	"precaching /sounds/hithead.ogg": 0.11163327957124744,
	"precaching /sounds/hitwall.ogg": 0.11452595497448424,
	"precaching /sounds/jump.ogg": 0.12895881655958433,
	"precaching /sounds/land.ogg": 0.141997029051749,
	"precaching /sounds/loom.ogg": 0.15448755971422007,
	"precaching /sounds/loom_minor.ogg": 0.19744891012201804,
	"precaching /sounds/menu_activate.ogg": 0.2287269281980284,
	"precaching /sounds/menu_move.ogg": 0.2299751380800165,
	"precaching /sounds/questionblock.ogg": 0.23142217415152744,
	"precaching /sounds/riser_carry.ogg": 0.23315743418429205,
	"precaching /sounds/riser_carry_stop.ogg": 0.24023182320713882,
	"precaching /sounds/riser_push.ogg": 0.2482193419082918,
	"precaching /sounds/riser_push_stop.ogg": 0.2679814284016512,
	"precaching /sounds/riser_rise.ogg": 0.2765316806309294,
	"precaching /sounds/riser_rise_stop.ogg": 0.2941656826612124,
	"precaching /sounds/riserfsck.ogg": 0.3032759448161942,
	"precaching /sounds/shepard_00.ogg": 0.31621608352561104,
	"precaching /sounds/shepard_01.ogg": 0.3399288898651628,
	"precaching /sounds/shepard_02.ogg": 0.35266085330449415,
	"precaching /sounds/shepard_03.ogg": 0.3659508315564605,
	"precaching /sounds/shepard_04.ogg": 0.37993181609525145,
	"precaching /sounds/shepard_05.ogg": 0.3926080344369495,
	"precaching /sounds/shepard_06.ogg": 0.40596530759569793,
	"precaching /sounds/shepard_07.ogg": 0.4192984128992805,
	"precaching /sounds/shepard_08.ogg": 0.4336325284352727,
	"precaching /sounds/shepard_09.ogg": 0.44602489134227896,
	"precaching /sounds/shepard_10.ogg": 0.4595962463981282,
	"precaching /sounds/shepard_11.ogg": 0.47291331449452906,
	"precaching /sounds/stereonoise.ogg": 0.4873255639271824,
	"precaching /sounds/switch_off.ogg": 0.506415080456332,
	"precaching /sounds/switch_on.ogg": 0.5086448000271747,
	"precaching /sounds/timedplatform.ogg": 0.5222266695859143,
	"precaching /sounds/tnihsign.ogg": 0.5367200182765208,
	"precaching /sounds/vvvvvv.ogg": 0.5447217525598799,
	"precaching /sounds/youre_winner.ogg": 0.5577773821321134,
	"precaching credits": 0,
	"precaching engine": 0.6528490578461653,
	"precaching entities": 0.9441531652543529,
	"precaching images": 0.5882904679140768,
	"precaching sounds": 0.06760441034297521
}
