{
	"enumerating levels": 0.4748648401639607,
	"enumerating sounds": 0.05033134230586666,
	"hashing level": 0.9744342921390801,
	"initializing audio": 0.024739858508538437,
	"initializing dumping": 0.9998971523565987,
	"initializing input": 0.45925753954300064,
	"initializing menu": 0.9999073236324988,
	"initializing noise": 0.024957039478284603,
	"loading checkpoints": 0.9572073846827515,
	"loading level": 0.4749742636087893,
	"loading level file": 0.47498820486019266,
	"parsing level data": 0.5567619400447099,
	"precaching Bold": 0.000012011696841744764,
	"precaching Centerprint": 0.0022926296916139953,
	"precaching CenterprintBig": 0.004365273842960873,
	"precaching Italic": 0.00818667567878704,
	"precaching Menu": 0.008598066252392013,
	"precaching MenuBig": 0.011315500499713204,
	"precaching MenuSmall": 0.011500152719786872,
	"precaching Mono": 0.013158425970574105,
	"precaching MonoSmall": 0.015214674557460993,
	"precaching Regular": 0.018142627350287217,
	"precaching Small": 0.020217988193938184,
	"precaching SmallCaps": 0.021951052084289272,
	"precaching checkpoint.ogg": 0.05047127832299237,
	"precaching credits": 0.023781350710790402,
	"precaching engine": 0.4748508989125573,
	"precaching entities": 0.9803792798731641,
	"precaching fonts": 0,
	"precaching forcefield.ogg": 0.05399579866799221,
	"precaching got_ability.ogg": 0.055442326844447644,
	"precaching hithead.ogg": 0.0661171587365573,
	"precaching hitwall.ogg": 0.06800506278961364,
	"precaching images": 0.39181283220319857,
	"precaching jump.ogg": 0.06918346824941193,
	"precaching land.ogg": 0.07085901459142467,
	"precaching loom.ogg": 0.0722118131171797,
	"precaching loom_minor.ogg": 0.1068906138406434,
	"precaching menu_activate.ogg": 0.14115206082578657,
	"precaching menu_move.ogg": 0.14253993280329377,
	"precaching questionblock.ogg": 0.14364723097621776,
	"precaching riser_carry.ogg": 0.14549182111158662,
	"precaching riser_carry_stop.ogg": 0.14709608441029134,
	"precaching riser_push.ogg": 0.14922010844423042,
	"precaching riser_push_stop.ogg": 0.15707956581632776,
	"precaching riser_rise.ogg": 0.16011764382431437,
	"precaching riser_rise_stop.ogg": 0.16778718883735738,
	"precaching riserfsck.ogg": 0.17088936019510972,
	"precaching shepard_00.ogg": 0.17334226845564957,
	"precaching shepard_01.ogg": 0.18728507028185934,
	"precaching shepard_02.ogg": 0.20033644175325077,
	"precaching shepard_03.ogg": 0.2136939872092,
	"precaching shepard_04.ogg": 0.22776944873617944,
	"precaching shepard_05.ogg": 0.24059013486669942,
	"precaching shepard_06.ogg": 0.2536373848497201,
	"precaching shepard_07.ogg": 0.2665614458929425,
	"precaching shepard_08.ogg": 0.28056886833821915,
	"precaching shepard_09.ogg": 0.2935417658173572,
	"precaching shepard_10.ogg": 0.3065390382030461,
	"precaching shepard_11.ogg": 0.3199673406884053,
	"precaching sounds": 0.050319506365458636,
	"precaching stereonoise.ogg": 0.3337576700421527,
	"precaching switch_off.ogg": 0.3546327261743637,
	"precaching switch_on.ogg": 0.3565462329182008,
	"precaching timedplatform.ogg": 0.3583746898683572,
	"precaching tnihsign.ogg": 0.3630598178234348,
	"precaching vvvvvv.ogg": 0.3655626145476864,
	"precaching youre_winner.ogg": 0.3684313851276663
}
