{
	"enumerating sounds": 0.30931377031128204,
	"hashing level": 0.9599651318868662,
	"initializing audio": 0.29250298747779446,
	"initializing dumping": 0.9989601658806804,
	"initializing input": 0.6097566292290424,
	"initializing noise": 0.2955464223096938,
	"loading checkpoints": 0.9538215764246273,
	"loading level": 0.6185034508565586,
	"loading level file": 0.6214052617054796,
	"parsing level data": 0.6616691108841417,
	"precaching Bold": 0.0006374641795947667,
	"precaching Centerprint": 0.01566962169476178,
	"precaching CenterprintBig": 0.033984731132790595,
	"precaching DebugSmall": 0.0461529290458936,
	"precaching Italic": 0.06417082058110993,
	"precaching Menu": 0.06565834154344156,
	"precaching MenuBig": 0.08485732689357424,
	"precaching MenuSmall": 0.08628116386592713,
	"precaching Mono": 0.11032744390333303,
	"precaching MonoSmall": 0.13842811622605297,
	"precaching Regular": 0.1742472749483354,
	"precaching Small": 0.20770728921860449,
	"precaching SmallCaps": 0.25156631961942755,
	"precaching checkpoint.ogg": 0.31405391049849024,
	"precaching credits": 0.29085685474658424,
	"precaching engine": 0.6181752491572506,
	"precaching entities": 0.9619327024170146,
	"precaching fonts": 0,
	"precaching forcefield.ogg": 0.32142151030088034,
	"precaching got_ability.ogg": 0.32698004704704486,
	"precaching hithead.ogg": 0.3479219139717134,
	"precaching hitwall.ogg": 0.3496325371164004,
	"precaching images": 0.5786624964924535,
	"precaching jump.ogg": 0.35743929094448484,
	"precaching land.ogg": 0.36382291030124053,
	"precaching loom.ogg": 0.36977494558368773,
	"precaching loom_minor.ogg": 0.38619394702284454,
	"precaching menu_activate.ogg": 0.39656593362565834,
	"precaching menu_move.ogg": 0.3972406251447849,
	"precaching questionblock.ogg": 0.3979573303969535,
	"precaching riser_carry.ogg": 0.4066730903792393,
	"precaching riser_carry_stop.ogg": 0.4127841013454647,
	"precaching riser_push.ogg": 0.4190662376128625,
	"precaching riser_push_stop.ogg": 0.4270648498343812,
	"precaching riser_rise.ogg": 0.43203925250918623,
	"precaching riser_rise_stop.ogg": 0.43939636843362007,
	"precaching riserfsck.ogg": 0.44422061393564727,
	"precaching shepard_00.ogg": 0.45023524071841053,
	"precaching shepard_01.ogg": 0.46422311556190826,
	"precaching shepard_02.ogg": 0.4739212949178284,
	"precaching shepard_03.ogg": 0.4833680683027815,
	"precaching shepard_04.ogg": 0.487371810115262,
	"precaching shepard_05.ogg": 0.4913605673499586,
	"precaching shepard_06.ogg": 0.4955965162944414,
	"precaching shepard_07.ogg": 0.5003609542265102,
	"precaching shepard_08.ogg": 0.5044713041079834,
	"precaching shepard_09.ogg": 0.5144447711173535,
	"precaching shepard_10.ogg": 0.5207849721115009,
	"precaching shepard_11.ogg": 0.5270642462273242,
	"precaching sounds": 0.3090370519545267,
	"precaching stereonoise.ogg": 0.5329601421424034,
	"precaching switch_off.ogg": 0.5412757436105106,
	"precaching switch_on.ogg": 0.5420972623134671,
	"precaching timedplatform.ogg": 0.5482930032468006,
	"precaching tnihsign.ogg": 0.5552693937871893,
	"precaching vvvvvv.ogg": 0.5607680447421785,
	"precaching youre_winner.ogg": 0.5671573094359023
}
