{
	"enumerating sounds": 0.11644759601842788,
	"hashing level": 0.9379424381092314,
	"initializing audio": 0.010565960791210326,
	"initializing dumping": 0.9985346595820416,
	"initializing input": 0.5660763509420318,
	"initializing noise": 0.09181559056755875,
	"loading checkpoints": 0.9196162123382459,
	"loading level": 0.5893376409461305,
	"loading level file": 0.5967919768478622,
	"parsing level data": 0.6712950613936901,
	"precaching checkpoint.ogg": 0.11731949250435476,
	"precaching credits": 0,
	"precaching engine": 0.5865881731827562,
	"precaching entities": 0.9424938410290039,
	"precaching forcefield.ogg": 0.12431937851271294,
	"precaching got_ability.ogg": 0.12619485309820522,
	"precaching hithead.ogg": 0.13647192447745773,
	"precaching hitwall.ogg": 0.13873243743765837,
	"precaching images": 0.47273242002479343,
	"precaching jump.ogg": 0.13969162759798562,
	"precaching land.ogg": 0.1411935886820365,
	"precaching loom.ogg": 0.14321945951296078,
	"precaching loom_minor.ogg": 0.1788379413207465,
	"precaching menu_activate.ogg": 0.2140356886118016,
	"precaching menu_move.ogg": 0.21639516204306883,
	"precaching questionblock.ogg": 0.2183260874678847,
	"precaching riser_carry.ogg": 0.22221956682322638,
	"precaching riser_carry_stop.ogg": 0.22482420589791066,
	"precaching riser_push.ogg": 0.22836228961207897,
	"precaching riser_push_stop.ogg": 0.2376106341424483,
	"precaching riser_rise.ogg": 0.24116074071347982,
	"precaching riser_rise_stop.ogg": 0.24810281941489362,
	"precaching riserfsck.ogg": 0.2515169337138171,
	"precaching shepard_00.ogg": 0.25348790965230195,
	"precaching shepard_01.ogg": 0.26725359047983044,
	"precaching shepard_02.ogg": 0.28068834060276154,
	"precaching shepard_03.ogg": 0.2939376503770848,
	"precaching shepard_04.ogg": 0.3064255490098147,
	"precaching shepard_05.ogg": 0.31852107720077244,
	"precaching shepard_06.ogg": 0.33091507742538806,
	"precaching shepard_07.ogg": 0.3460692759392611,
	"precaching shepard_08.ogg": 0.3606805589100444,
	"precaching shepard_09.ogg": 0.3729856265049667,
	"precaching shepard_10.ogg": 0.3864044515515472,
	"precaching shepard_11.ogg": 0.39989246935833755,
	"precaching sounds": 0.11381313126959904,
	"precaching stereonoise.ogg": 0.41364720533061605,
	"precaching switch_off.ogg": 0.4355049674676367,
	"precaching switch_on.ogg": 0.43711002174740965,
	"precaching timedplatform.ogg": 0.43863332372013164,
	"precaching tnihsign.ogg": 0.4429993779541702,
	"precaching vvvvvv.ogg": 0.4480016010330526,
	"precaching youre_winner.ogg": 0.4521009971831506
}
