{
	"enumerating sounds": 0.047811433814154494,
	"hashing level": 0.9766659174579045,
	"initializing audio": 0.02577365394131614,
	"initializing dumping": 0.9998974744015902,
	"initializing input": 0.5069204835781059,
	"initializing menu": 0.9999062891128293,
	"initializing noise": 0.026236648013655935,
	"listing levels": 0.5228369797899719,
	"loading checkpoints": 0.9608679092949612,
	"loading level": 0.5229285461279428,
	"loading level file": 0.5229388697558246,
	"parsing level data": 0.5975672420359889,
	"precaching Bold": 0.000006988546862160936,
	"precaching Centerprint": 0.002613094538954926,
	"precaching CenterprintBig": 0.004570215141892091,
	"precaching Italic": 0.007019634865937617,
	"precaching Menu": 0.00722563894304858,
	"precaching MenuBig": 0.009723104073954972,
	"precaching MenuSmall": 0.009890432354706892,
	"precaching Mono": 0.011399252344880057,
	"precaching MonoSmall": 0.013274097761231066,
	"precaching Regular": 0.01482675479315985,
	"precaching Small": 0.0175636578188453,
	"precaching SmallCaps": 0.019315330381022885,
	"precaching checkpoint.ogg": 0.047989961281051124,
	"precaching credits": 0.020946767189018094,
	"precaching engine": 0.5228265765658844,
	"precaching entities": 0.9819680276710069,
	"precaching fonts": 0,
	"precaching forcefield.ogg": 0.05310584138872046,
	"precaching got_ability.ogg": 0.054608386923705635,
	"precaching hithead.ogg": 0.06474524572005375,
	"precaching hitwall.ogg": 0.0662432645051108,
	"precaching images": 0.37879498860696864,
	"precaching jump.ogg": 0.06760627675438124,
	"precaching land.ogg": 0.06939583028794934,
	"precaching loom.ogg": 0.07092688604673454,
	"precaching loom_minor.ogg": 0.10341442308604712,
	"precaching menu_activate.ogg": 0.13744111650370983,
	"precaching menu_move.ogg": 0.139327795601674,
	"precaching questionblock.ogg": 0.14074187109109074,
	"precaching riser_carry.ogg": 0.14254595775473453,
	"precaching riser_carry_stop.ogg": 0.14403587592022665,
	"precaching riser_push.ogg": 0.14552635012207016,
	"precaching riser_push_stop.ogg": 0.15330480177016959,
	"precaching riser_rise.ogg": 0.1563940726502201,
	"precaching riser_rise_stop.ogg": 0.16441045327645584,
	"precaching riserfsck.ogg": 0.172089078774608,
	"precaching shepard_00.ogg": 0.17526451595861567,
	"precaching shepard_01.ogg": 0.18734428061264813,
	"precaching shepard_02.ogg": 0.19971931307723986,
	"precaching shepard_03.ogg": 0.21296402733058528,
	"precaching shepard_04.ogg": 0.22498724797716335,
	"precaching shepard_05.ogg": 0.23752865584221566,
	"precaching shepard_06.ogg": 0.25067894511671623,
	"precaching shepard_07.ogg": 0.2626491956254767,
	"precaching shepard_08.ogg": 0.2750673499030612,
	"precaching shepard_09.ogg": 0.2876078060249109,
	"precaching shepard_10.ogg": 0.30082059424014224,
	"precaching shepard_11.ogg": 0.3133292835162893,
	"precaching sounds": 0.04779777510525305,
	"precaching stereonoise.ogg": 0.32562180314276634,
	"precaching switch_off.ogg": 0.3459948715823528,
	"precaching switch_on.ogg": 0.34790299276104913,
	"precaching timedplatform.ogg": 0.34972804506527944,
	"precaching tnihsign.ogg": 0.35434447944965547,
	"precaching vvvvvv.ogg": 0.3567807157678565,
	"precaching youre_winner.ogg": 0.3595469238423106
}
